-- MySQL dump 10.13  Distrib 5.6.15, for Win64 (x86_64)
--
-- Host: localhost    Database: sinweb
-- ------------------------------------------------------
-- Server version	5.6.15

/*!40101 SET @OLD_CHARACTER_SET_CLIENT=@@CHARACTER_SET_CLIENT */;
/*!40101 SET @OLD_CHARACTER_SET_RESULTS=@@CHARACTER_SET_RESULTS */;
/*!40101 SET @OLD_COLLATION_CONNECTION=@@COLLATION_CONNECTION */;
/*!40101 SET NAMES utf8 */;
/*!40103 SET @OLD_TIME_ZONE=@@TIME_ZONE */;
/*!40103 SET TIME_ZONE='+00:00' */;
/*!40014 SET @OLD_UNIQUE_CHECKS=@@UNIQUE_CHECKS, UNIQUE_CHECKS=0 */;
/*!40014 SET @OLD_FOREIGN_KEY_CHECKS=@@FOREIGN_KEY_CHECKS, FOREIGN_KEY_CHECKS=0 */;
/*!40101 SET @OLD_SQL_MODE=@@SQL_MODE, SQL_MODE='NO_AUTO_VALUE_ON_ZERO' */;
/*!40111 SET @OLD_SQL_NOTES=@@SQL_NOTES, SQL_NOTES=0 */;

--
-- Table structure for table `choice_question`
--

DROP TABLE IF EXISTS `choice_question`;
/*!40101 SET @saved_cs_client     = @@character_set_client */;
/*!40101 SET character_set_client = utf8 */;
CREATE TABLE `choice_question` (
  `q_id` int(11) NOT NULL AUTO_INCREMENT,
  `q_description` varchar(512) NOT NULL,
  `q_value` int(3) NOT NULL,
  `q_answer` varchar(4) NOT NULL,
  `q_A` varchar(255) NOT NULL,
  `q_B` varchar(255) NOT NULL,
  `q_C` varchar(255) NOT NULL,
  `q_D` varchar(255) NOT NULL,
  `q_paperid` int(11) DEFAULT NULL,
  `q_counter` int(11) DEFAULT '0',
  `q_difficulty` int(11) DEFAULT '1',
  `q_year` int(11) DEFAULT '1970',
  `q_type` varchar(255) DEFAULT NULL,
  PRIMARY KEY (`q_id`),
  KEY `q_paperid` (`q_paperid`)
) ENGINE=InnoDB AUTO_INCREMENT=151 DEFAULT CHARSET=utf8;
/*!40101 SET character_set_client = @saved_cs_client */;

--
-- Dumping data for table `choice_question`
--

LOCK TABLES `choice_question` WRITE;
/*!40000 ALTER TABLE `choice_question` DISABLE KEYS */;
INSERT INTO `choice_question` VALUES (1,'关于网桥的描述中，正确的是 （）',5,'A','网桥是在数据链路层实现网络互联的设备','网桥无法实现地址过滤与帧转发功能','网桥互联的网络在网络层都采用不同协议','透明网桥由源结点实现帧的路由选择功能',30,0,3,2015,'计算机网络'),(2,'对于基带 CSMA/CD 而言，为了确保发送站点在传输时能检测到可能存在的冲突，数据帧的传输时延至少要等于信号传播时延的 (   )。',5,'A','2倍','1倍','4倍','2.5倍',30,1,3,2015,'计算机网络'),(3,'What the message in NetworkLayer is called? ( )',5,'A','datagram','algorithms','segment','message',30,1,3,2015,'计算机网络'),(4,'下列关于交换机的叙述中，正确的是 （） 。',5,'A','以太网交换机本质上是一种多端口网桥','通过交换机互连的一组工作站构成一个冲突域','交换机每个端口所连网络构成一个独立的广播域','以太网交换机可实现采用不同网络层协议的网络互联',30,1,3,2015,'计算机网络'),(5,'双绞线传输介质是把两根导线绞在一起，这样可以减少（）。',5,'A','信号之间的相互串扰','外界信号的干扰','信号向外泄露','信号传输时的衰减',30,2,3,2015,'计算机网络'),(6,'一A类网络的子网号subnet-id分别为16个1，那么他的子网掩码是多少？（ ）',5,'A','255.255.255.0','255.255.248.255','255.255.248.0','255.255.255.248',30,3,3,2015,'计算机网络'),(7,'关于因特网中路由器和广域网中结点交换机叙述错误的是（）',5,'A','路由器和结点交换机都使用统一的IP协议。','路由器专门用来转发分组，结点交换机还可以连接上许多主机。','路由器用来互连不同的网络，结点交换机只是在一个特定的网络中工作。','路由器根据目的网络地址找出下一跳（即下一个路由器），而结点交换机则根据目的站所接入的交换机号找出下一跳（即下一个结点交换机）。',30,1,3,2015,'计算机网络'),(8,'发送窗口大小是多少？（ ）',5,'A','不超过2^n-1','不超过2^n','2^n','2^n-1',30,0,2,2015,'计算机网络'),(9,'采用海明码纠正一位差错，若信息位为 4 位，则冗余位至少应为 (   )',5,'A','3位','2位','5位','4位',30,1,3,2015,'计算机网络'),(10,'下列（   ）设备或者软件属于核心系统',5,'A','路由器','Web服务器','联网的智能手机','个人笔记本',30,0,3,2015,'计算机网络'),(11,'我是多项选择题1',5,'ABC','Option-A','Option-B','Option-C','Option-D',30,4,3,2015,'计算机网络'),(12,'我是多项选择题2',5,'BCD','Option-A','Option-B','Option-C','Option-D',30,3,2,2015,'计算机组成原理'),(13,'我是多项选择题3',5,'ABC','Option-A','Option-B','Option-C','Option-D',30,0,3,2015,'计算机组成原理'),(14,'我是多项选择题4',5,'BCD','Option-A','Option-B','Option-C','Option-D',30,1,3,2015,'计算机组成原理'),(15,'为了缩短指令中某个地址段的位数，有效的方法是采取',5,'C','立即寻址','变址寻址','间接寻址','寄存器寻址',32,0,3,2015,'计算机组成原理'),(16,'某计算机字长是16位它的存储容量是64KB,按字编址,它们寻址范围是',5,'C','64K','32KB','32K','16KB',32,1,2,2015,'计算机组成原理'),(17,'某一RAM芯片其容量为512*8位,除电源和接地端外该芯片引线的最少数目是',5,'C','21','17','19','23',32,0,3,2015,'计算机组成原理'),(18,'指令系统中采用不同寻址方式的目的主要是',5,'C','实现存储程序和程序控制','可以直接访问外存','缩短指令长度，扩大寻址空间，提高编程灵活性','提供扩展操作码的可能并降低指令译码难度',32,1,3,2015,'计算机组成原理'),(19,'寄存器间接寻址方式中，操作数处在',5,'B','通用寄存器','贮存单元','程序计数器','堆栈',32,1,2,2015,'计算机组成原理'),(20,'RISC是(   )的简称。',5,'A','精简指令系统计算机 ','大规模集成电路','复杂指令计算机','超大规模集成电路',32,1,3,2015,'计算机组成原理'),(21,'CPU响应中断的时间是',5,'C','中断源提出请求','取指周期结束','执行周期结束','间址周期结束',32,6,3,2015,'计算机组成原理'),(22,'常用的虚拟存储器寻址系统由______两级存储器组成',5,'A','主存－辅存','Cache－主存','Cache－辅存','主存—硬盘',32,4,3,2015,'计算机组成原理'),(23,'DMA访问主存时，让CPU处于等待状态，等DMA的一批数据访问结束后，CPU再恢复工作，这种情况称作',5,'A','停止CPU访问主存','周期挪用','交替访问','DMA',32,1,2,2015,'计算机组成原理'),(24,'浮点数的表示范围和精度取决于',5,'A','阶码的位数和尾数的位数','阶码的位数和尾数的机器数形式','汇编指令形式','阶码的机器数形式和尾数的机器数形式。',32,0,3,2015,'计算机组成原理'),(25,'某计算机字长是16位它的存储容量是64KB,按字编址,它们寻址范围是',5,'ABC','64K','32KB','32K','16KB',32,1,3,2015,'计算机组成原理'),(26,'寄存器间接寻址方式中，操作数处在',5,'BCD','通用寄存器','贮存单元','程序计数器','堆栈',32,2,3,2015,'计算机组成原理'),(27,'为了缩短指令中某个地址段的位数，有效的方法是采取',5,'ABC','立即寻址','变址寻址','间接寻址','寄存器寻址',32,1,3,2015,'计算机组成原理'),(28,'浮点数的表示范围和精度取决于',5,'BCD','阶码的位数和尾数的位数','阶码的位数和尾数的机器数形式','汇编指令形式','阶码的机器数形式和尾数的机器数形式。',32,0,2,2015,'计算机组成原理'),(39,'我是多项选择题1',5,'ABC','Option-A','Option-B','Option-C','Option-D',34,5,3,2015,'计算机组成原理'),(40,'我是多项选择题2',5,'BCD','Option-A','Option-B','Option-C','Option-D',34,9,2,2015,'计算机组成原理'),(41,'我是多项选择题3',5,'ABC','Option-A','Option-B','Option-C','Option-D',34,6,3,2015,'计算机组成原理'),(42,'我是多项选择题4',5,'BCD','Option-A','Option-B','Option-C','Option-D',34,0,2,2015,'计算机组成原理'),(43,'应用Johnson法则的流水作业调度采用的算法是',5,'D','贪心算法','分支限界法','分治算法','动态规划法',36,7,3,2015,'算法设计与分析'),(44,'动态规划算法的基本要素为',5,'C','最优子结构性质与贪心选择性质','重叠子问题性质与贪心选择性质','最优子结构性质与重叠子问题性质','预排序与递归调用',36,0,2,2015,'算法设计与分析'),(45,'能采用贪心算法求最优解的问题，一般具有的重要性质为：',5,'A','最优子结构性质与贪心选择性质','重叠子问题性质与贪心选择性质 ','最优子结构性质与重叠子问题性质 ','预排序与递归调用 ',36,1,3,2015,'算法设计与分析'),(46,'回溯法在问题的解空间树中，按（）策略，从根结点出发搜索解空间树。',5,'D','广度优先','活结点优先','扩展节点优先','深度优先',36,0,3,2015,'算法设计与分析'),(47,'分支限界法在问题的解空间树中，按（）策略，从根结点出发搜索解空间树。',5,'A','广度优先','活结点优先','扩展节点优先','深度优先',36,1,3,2015,'算法设计与分析'),(48,' 回溯法的效率不依赖于以下哪一个因素？',5,'C','产生x[k]的时间；','满足显约束的x[k]值的个数； ','问题的解空间的形式；  ','计算上界函数bound的时间；',36,0,3,2015,'算法设计与分析'),(49,'常见的两种分支限界法为',5,'D','广度优先分支限界法与深度优先分支限界法；','队列式（FIFO）分支限界法与堆栈式分支限界法； ','排列树法与子集树法； ','队列式（FIFO）分支限界法与优先队列式分支限界法； ',36,1,2,2015,'算法设计与分析'),(50,'k带图灵机的空间复杂性S(n)是指',5,'B','k带图灵机处理所有长度为n的输入时，在某条带上所使用过的最大方格数。','k带图灵机处理所有长度为n的输入时，在k条带上所使用过的方格数的总和','k带图灵机处理所有长度为n的输入时，在k条带上所使用过的平均方格数。 ','k带图灵机处理所有长度为n的输入时，在某条带上所使用过的最小方格数。',36,0,2,2015,'算法设计与分析'),(51,'NP类语言在图灵机下的定义为',5,'D','NP={L|L是一个能在非多项式时间内被一台NDTM所接受的语言}','NP={L|L是一个能在多项式时间内被一台NDTM所接受的语言}','NP={L|L是一个能在多项式时间内被一台DTM所接受的语言}','NP={L|L是一个能在多项式时间内被一台NDTM所接受的语言}；',36,1,2,2015,'算法设计与分析'),(52,'求最短路径可以使用什么算法',5,'B','Prim算法','Dijkstra算法','Kruskal算法','冒泡排序算法',36,0,2,2015,'算法设计与分析'),(53,'算法设计多项选择题1',5,'ABC','Option-A','Option-B','Option-C','Option-D',36,1,2,2015,'算法设计与分析'),(54,'算法设计多项选择题2',5,'BCD','Option-A','Option-B','Option-C','Option-D',36,0,2,2015,'算法设计与分析'),(55,'算法设计多项选择题3',5,'ABC','Option-A','Option-B','Option-C','Option-D',36,1,2,2015,'算法设计与分析'),(56,'算法设计多项选择题4',5,'BCD','Option-A','Option-B','Option-C','Option-D',36,0,2,2015,'算法设计与分析'),(99,'软件测试是为了________而执行程序的过程。',5,'A','发现错误','纠正错误','避免错误','证明错误',NULL,0,1,2015,'软件测试'),(100,'如果我们可以通过覆盖率检测来判断我们是否对所有的路径都进行了测试，但是仍然可能存在未被检测出来的缺陷，原因是（）',5,'A','全部选项','程序可能因为缺某些路径而存在问题','穷举路径的测试可能不好暴露数据敏感的错误','就算穷举路径测试也不能保证程序符合需求',NULL,0,2,2015,'软件测试'),(101,'测试的关键问题是()',5,'A','如何选择测试用例','如何验证程序的正确性','如何采用综合策略','如何组织对软件的评审',NULL,0,3,2015,'软件测试'),(102,'在以下测试阶段中，(  )主要依据是系统设计文档',5,'A','系统测试','集成测试','单元测试','验收测试',NULL,0,2,2015,'软件测试'),(103,'按照瀑布模型的阶段划分，软件测试可以分为单元测试，集成测试，系统测试。请问以下哪项测试不属于系统测试的内容（ ）',5,'A','接口测试','压力测试','功能测试','安全测试',NULL,0,3,2015,'软件测试'),(104,'在下面说列举的逻辑测试覆盖中，测试覆盖最强的是？',5,'A','条件组合覆盖','条件覆盖','语句覆盖','判定/条件覆盖',NULL,0,1,2015,'软件测试'),(105,'系统测试主要用到什么方法？',5,'A','路径测试','可靠性测试','安装测试','验收测试',NULL,0,3,2015,'软件测试'),(106,'输入一个字符串，长度不得大于6，首字母必须大写，那么根据黑盒测试中的等价划分技术，得到的无效等价类是：（）',5,'A','{字符串第一个字符为数字，1&lt;=长度&lt;=6}','{字符串第一个字符为大写，长度&gt;6}','{字符串第一个字符为小写，1&lt;=长度&lt;&lt;6}','{字符串第一个字符为大写，1&lt;=长度&lt;=6}',NULL,0,3,2015,'软件测试'),(107,'loadrunner包括以下哪几个部分？',5,'A','结果分析工具','需求分析工具','脚本编辑工具','测试执行工具',NULL,0,2,2015,'软件测试'),(108,'对手机软件的压力测试通常可以包括？',5,'A','网络流量压力','存储压力','响应能力压力','并发压力',NULL,0,1,2015,'软件测试'),(109,'软件测试多项选择题1',5,'ABC','Option-A','Option-B','Option-C','Option-D',NULL,0,1,2015,'软件测试'),(110,'软件测试多项选择题2',5,'BCD','Option-A','Option-B','Option-C','Option-D',NULL,0,2,2015,'软件测试'),(111,'软件测试多项选择题3',5,'ABC','Option-A','Option-B','Option-C','Option-D',NULL,0,3,2015,'软件测试'),(112,'软件测试多项选择题4',5,'BCD','Option-A','Option-B','Option-C','Option-D',NULL,0,3,2015,'软件测试'),(113,'软件测试多项选择题5',5,'ABC','Option-A','Option-B','Option-C','Option-D',NULL,0,2,2015,'软件测试'),(114,'软件测试多项选择题6',5,'BCD','Option-A','Option-B','Option-C','Option-D',NULL,0,1,2015,'软件测试'),(115,'软件测试多项选择题7',5,'ABC','Option-A','Option-B','Option-C','Option-D',NULL,0,2,2015,'软件测试'),(116,'（批量测试）软件测试是为了________而执行程序的过程。',5,'A','发现错误','纠正错误','避免错误','证明错误',37,1,2,2014,'test'),(117,'（批量测试）如果我们可以通过覆盖率检测来判断我们是否对所有的路径都进行了测试，但是仍然可能存在未被检测出来的缺陷，原因是（）',5,'A','全部选项','程序可能因为缺某些路径而存在问题','穷举路径的测试可能不好暴露数据敏感的错误','就算穷举路径测试也不能保证程序符合需求',37,1,1,2014,'test'),(118,'（批量测试）测试的关键问题是()',5,'A','如何选择测试用例','如何验证程序的正确性','如何采用综合策略','如何组织对软件的评审',37,1,3,2014,'test'),(119,'（批量测试）我是多项选择题1',5,'ABC','Option-A','Option-B','Option-C','Option-D',37,1,2,2014,'test'),(120,'（批量测试）我是多项选择题2',5,'BCD','Option-A','Option-B','Option-C','Option-D',37,0,1,2014,'test');
/*!40000 ALTER TABLE `choice_question` ENABLE KEYS */;
UNLOCK TABLES;

--
-- Table structure for table `exam_paper`
--

DROP TABLE IF EXISTS `exam_paper`;
/*!40101 SET @saved_cs_client     = @@character_set_client */;
/*!40101 SET character_set_client = utf8 */;
CREATE TABLE `exam_paper` (
  `paper_id` int(5) NOT NULL AUTO_INCREMENT,
  `paper_title` varchar(32) NOT NULL,
  `paper_desc` varchar(1024) NOT NULL,
  `paper_time` int(3) NOT NULL,
  `paper_date` datetime NOT NULL,
  `paper_open` tinyint(1) NOT NULL,
  `paper_path` varchar(256) NOT NULL,
  `paper_userid` varchar(16) NOT NULL,
  `paper_class` varchar(64) NOT NULL COMMENT '考试班级',
  `paper_year` int(11) DEFAULT NULL,
  PRIMARY KEY (`paper_id`),
  KEY `paper_user_id_constraint` (`paper_userid`),
  CONSTRAINT `paper_user_id_constraint` FOREIGN KEY (`paper_userid`) REFERENCES `user` (`user_id`)
) ENGINE=InnoDB AUTO_INCREMENT=41 DEFAULT CHARSET=utf8;
/*!40101 SET character_set_client = @saved_cs_client */;

--
-- Dumping data for table `exam_paper`
--

LOCK TABLES `exam_paper` WRITE;
/*!40000 ALTER TABLE `exam_paper` DISABLE KEYS */;
INSERT INTO `exam_paper` VALUES (17,'操作系统','考察第一章到第十章，PPT涉及的内容，请同学们做好复习工作。',120,'2020-01-21 10:00:00',0,'E:\\Program Files\\PyCharm\\workspace\\exam-online\\FilesUpload\\ExamPapers\\T1616001-操作系统.xlsx','T1616001','1616302;',2019),(18,'计算机网络','考察所有讲过的内容，重点章节：第二、五、八章。',100,'2020-01-14 10:00:00',0,'E:\\Program Files\\PyCharm\\workspace\\exam-online\\FilesUpload\\ExamPapers\\T1616001-计算机网络.xlsx','T1616001','1616302;',2019),(19,'数据结构','考察第一章到第十章，PPT涉及的内容，请同学们做好复习工作。',150,'2020-01-26 19:00:00',0,'E:\\Program Files\\PyCharm\\workspace\\exam-online\\FilesUpload\\ExamPapers\\T1616001-数据结构.xlsx','T1616001','1616302;',2019),(24,'计算机组成原理','考察第一章到第十章，PPT涉及的内容，请同学们做好复习工作。',120,'2020-01-26 18:00:00',0,'E:\\Program Files\\PyCharm\\workspace\\exam-online\\FilesUpload\\ExamPapers\\T1616001-计算机组成原理.xlsx','T1616001','1616302;1616303;1616404;',2019),(25,'计算机组成原理（2）','考察所有讲过的内容，重点章节：第二、五、八章。',120,'2019-12-21 13:25:00',0,'E:\\Program Files\\PyCharm\\workspace\\exam-online\\FilesUpload\\ExamPapers\\T1616001-计算机组成原理（2）.xlsx','T1616001','1616302;1616303;1616404;',2019),(26,'计算机组成原理(3)','考察第一章到第十章，PPT涉及的内容，请同学们做好复习工作。',120,'2019-12-21 14:10:00',0,'E:\\Program Files\\PyCharm\\workspace\\exam-online\\FilesUpload\\ExamPapers\\T1616001-计算机组成原理(3).xlsx','T1616001','1616302;1616303;1616404;',2019),(30,'计算机网络(Network)','考察第一章到第十章，PPT涉及的内容，请同学们做好复习工作。',150,'2020-01-30 11:00:00',0,'E:\\Program Files\\PyCharm\\workspace\\exam-online\\FilesUpload\\ExamPapers\\T1616002-计算机网络(Network).xlsx','T1616002','1616302;',2019),(31,'计算机网络(Test)','无。',125,'2020-02-01 10:00:00',0,'E:\\Program Files\\PyCharm\\workspace\\exam-online\\FilesUpload\\T1616003-计算机网络(Test).xls','T1616003','1616404;',2019),(32,'计算机组成原理(ICS)','考察所有讲过的内容，重点章节：第二、五、八章。',120,'2020-01-25 09:00:00',0,'E:\\Program Files\\PyCharm\\workspace\\exam-online\\FilesUpload\\ExamPapers\\T1616002-计算机组成原理(ICS).xlsx','T1616002','1616302;1616303;1616404;',2019),(33,'计算机组成原理Test','无。',150,'2020-02-07 09:00:00',0,'E:\\Program Files\\PyCharm\\workspace\\exam-online\\FilesUpload\\T1616003-计算机组成原理Test.xls','T1616003','1616505;',2019),(36,'算法分析与设计','考察所有讲过的内容，重点章节：第二、五、八章。',120,'2020-01-26 10:00:00',0,'E:\\Program Files\\PyCharm\\workspace\\exam-online\\FilesUpload\\ExamPapers\\T1616001-算法分析与设计.xlsx','T1616001','1616302;1616303;1616404;1616505;',2019);
/*!40000 ALTER TABLE `exam_paper` ENABLE KEYS */;
UNLOCK TABLES;

--
-- Table structure for table `judge_question`
--

DROP TABLE IF EXISTS `judge_question`;
/*!40101 SET @saved_cs_client     = @@character_set_client */;
/*!40101 SET character_set_client = utf8 */;
CREATE TABLE `judge_question` (
  `q_id` int(11) NOT NULL AUTO_INCREMENT,
  `q_description` varchar(512) NOT NULL,
  `q_value` int(3) NOT NULL,
  `q_answer` int(1) NOT NULL,
  `q_paperid` int(11) DEFAULT NULL,
  `q_counter` int(11) DEFAULT '0',
  `q_difficulty` int(11) DEFAULT '1',
  `q_year` int(11) DEFAULT '1970',
  `q_type` varchar(255) DEFAULT NULL,
  PRIMARY KEY (`q_id`),
  KEY `q_paperid` (`q_paperid`)
) ENGINE=InnoDB AUTO_INCREMENT=72 DEFAULT CHARSET=utf8;
/*!40101 SET character_set_client = @saved_cs_client */;

--
-- Dumping data for table `judge_question`
--

LOCK TABLES `judge_question` WRITE;
/*!40000 ALTER TABLE `judge_question` DISABLE KEYS */;
INSERT INTO `judge_question` VALUES (11,'判断题1',2,1,30,0,3,2015,'计算机网络'),(12,'判断题2',2,1,30,1,3,2015,'计算机网络'),(13,'判断题3',2,1,30,2,3,2015,'计算机网络'),(14,'判断题4',2,1,30,3,3,2015,'计算机网络'),(15,'判断题5',2,1,30,4,3,2015,'计算机网络'),(16,'时序电路用来产生各种时序信号，以保证整个计算机协调地工作。',2,1,32,5,3,2015,'计算机组成原理'),(17,'引入虚拟存储系统的目的是提高存储速度。',2,1,32,0,3,2015,'计算机组成原理'),(18,'一个更高级的中断请求一定可以中断另一个中断处理程序的执行。',2,1,32,1,3,2015,'计算机组成原理'),(19,'存储单元是存放一个二进制信息的存贮元。',2,1,32,2,3,2015,'计算机组成原理'),(20,'用微指令的分段译码法设计微指令时，需将具有相斥性的微命令组合在同一字段内。',2,1,32,3,3,2015,'计算机组成原理'),(26,'算法设计判断题1',2,1,36,3,2,2015,'算法设计与分析'),(27,'算法设计判断题2',2,0,36,4,2,2015,'算法设计与分析'),(28,'算法设计判断题3',2,1,36,5,2,2015,'算法设计与分析'),(29,'算法设计判断题4',2,0,36,0,2,2015,'算法设计与分析'),(30,'算法设计判断题5',2,1,36,1,2,2015,'算法设计与分析'),(50,'软件测试是为了发现错误而执行程序的过程。',2,1,NULL,0,1,2015,'软件测试'),(51,'如果我们可以通过覆盖率检测来判断我们是否对所有的路径都进行了测试，但是仍然可能存在未被检测出来的缺陷。',2,1,NULL,0,1,2015,'软件测试'),(52,'测试的关键问题是发现错误。',2,1,NULL,0,3,2015,'软件测试'),(53,'在以下测试阶段中，用户主要依据是系统设计文档',2,0,NULL,0,1,2015,'软件测试'),(54,'按照瀑布模型的阶段划分，软件测试可以分为单元测试，集成测试，系统测试。',2,0,NULL,0,1,2015,'软件测试'),(55,'在下面说列举的逻辑测试覆盖中，测试覆盖最强的是路径测试。',2,0,NULL,0,1,2015,'软件测试'),(56,'系统测试主要用到手工测试的方法。。',2,0,NULL,0,2,2015,'软件测试'),(57,'输入一个字符串，长度不得大于6，首字母必须大写，那么根据黑盒测试中的等价划分技术，得到的无效等价类是有效的。',2,0,NULL,0,2,2015,'软件测试'),(58,'loadrunner包括单元测试、系统测试等部分。',2,0,NULL,0,2,2015,'软件测试'),(59,'对手机软件的压力测试通常可以包括：需求测试、单元测试、集成测试、系统测试。',2,0,NULL,0,1,2015,'软件测试'),(60,'（批量测试）判断题1',2,1,37,1,3,2014,'test'),(61,'（批量测试）判断题2',2,1,37,3,3,2014,'test');
/*!40000 ALTER TABLE `judge_question` ENABLE KEYS */;
UNLOCK TABLES;

--
-- Table structure for table `student_exam_log`
--

DROP TABLE IF EXISTS `student_exam_log`;
/*!40101 SET @saved_cs_client     = @@character_set_client */;
/*!40101 SET character_set_client = utf8 */;
CREATE TABLE `student_exam_log` (
  `paper_id` int(5) NOT NULL,
  `student_id` varchar(16) NOT NULL,
  `answer_json` varchar(2048) NOT NULL,
  `grade` int(3) NOT NULL COMMENT '单选题、多选题、判断题的总分',
  `full_grade` int(3) NOT NULL COMMENT '试卷满分',
  `subjective_grade` int(3) NOT NULL COMMENT '主观题分数',
  `submit_time` datetime NOT NULL COMMENT '提交时间',
  KEY `paper_id` (`paper_id`),
  KEY `student_id` (`student_id`),
  CONSTRAINT `student_exam_log_ibfk_1` FOREIGN KEY (`paper_id`) REFERENCES `exam_paper` (`paper_id`),
  CONSTRAINT `student_exam_log_ibfk_2` FOREIGN KEY (`student_id`) REFERENCES `user` (`user_id`)
) ENGINE=InnoDB DEFAULT CHARSET=utf8;
/*!40101 SET character_set_client = @saved_cs_client */;

--
-- Dumping data for table `student_exam_log`
--

LOCK TABLES `student_exam_log` WRITE;
/*!40000 ALTER TABLE `student_exam_log` DISABLE KEYS */;
INSERT INTO `student_exam_log` VALUES (17,'161630230','{\"0\":\"A\",\"1\":\"A\",\"2\":\"A\",\"3\":\"A\",\"4\":\"A\",\"5\":\"A\",\"6\":\"A\",\"7\":\"A\",\"8\":\"A\",\"9\":\"A\",\"10\":\"ABC\",\"11\":\"BCD\",\"12\":\"ABC\",\"13\":\"A\",\"14\":\"1\",\"15\":\"0\",\"16\":\"1\",\"17\":\"1\",\"18\":\"1\",\"19\":\"计算机的启动步骤，瞎写的回答。\",\"20\":\"系统调用过程，瞎写的回答。\"}',73,100,15,'2019-12-12 19:02:31'),(18,'161630230','{\"0\":\"A\",\"1\":\"A\",\"2\":\"A\",\"3\":\"A\",\"4\":\"A\",\"5\":\"A\",\"6\":\"A\",\"7\":\"A\",\"8\":\"A\",\"9\":\"A\",\"10\":\"ABC\",\"11\":\"BCD\",\"12\":\"ABC\",\"13\":\"CD\",\"14\":\"1\",\"15\":\"1\",\"16\":\"1\",\"17\":\"1\",\"18\":\"1\",\"19\":\"瞎写拥塞控制算法。\",\"20\":\"瞎写TCO/UDP。\"}',75,100,8,'2019-12-12 19:08:30'),(19,'161630230','{\"0\":\"A\",\"1\":\"A\",\"2\":\"A\",\"3\":\"A\",\"4\":\"A\",\"5\":\"A\",\"6\":\"A\",\"7\":\"A\",\"8\":\"A\",\"9\":\"A\",\"10\":\"ABC\",\"11\":\"BCD\",\"12\":\"ABC\",\"13\":\"BCD\",\"14\":\"1\",\"15\":\"1\",\"16\":\"1\",\"17\":\"1\",\"18\":\"1\",\"19\":\"瞎写最短路径。\",\"20\":\"瞎写堆排序。\"}',80,100,17,'2019-12-12 19:10:00'),(24,'161630203','{\"0\":\"C\",\"1\":\"C\",\"2\":\"C\",\"3\":\"C\",\"4\":\"C\",\"5\":\"C\",\"6\":\"A\",\"7\":\"A\",\"8\":\"A\",\"9\":\"A\",\"10\":\"ABC\",\"11\":\"BCD\",\"12\":\"ABC\",\"13\":\"BCD\",\"14\":\"1\",\"15\":\"1\",\"16\":\"1\",\"17\":\"1\",\"18\":\"1\",\"19\":\"RAM相比ROM，蒲银回答。\",\"20\":\"中断控制方式相比DMA控制方式，蒲银回答。\"}',65,100,15,'2019-12-15 20:12:40'),(25,'161630230','{\"0\":\"A\",\"1\":\"A\",\"2\":\"A\",\"3\":\"A\",\"4\":\"A\",\"5\":\"A\",\"6\":\"A\",\"7\":\"A\",\"8\":\"A\",\"9\":\"A\",\"10\":\"ABC\",\"11\":\"BCD\",\"12\":\"ABC\",\"13\":\"BCD\",\"14\":\"1\",\"15\":\"1\",\"16\":\"1\",\"17\":\"1\",\"18\":\"1\",\"19\":\"冼健邦RAM/ROM。\",\"20\":\"冼健邦DMA。\"}',50,100,16,'2019-12-21 13:28:28'),(25,'161630201','{\"0\":\"A\",\"1\":\"C\",\"2\":\"A\",\"3\":\"C\",\"4\":\"A\",\"5\":\"C\",\"6\":\"D\",\"7\":\"A\",\"8\":\"A\",\"9\":\"A\",\"10\":\"ABC\",\"11\":\"BCD\",\"12\":\"A\",\"13\":\"BCD\",\"14\":\"1\",\"15\":\"1\",\"16\":\"1\",\"17\":\"1\",\"18\":\"1\",\"19\":\"崔云峰RAM/ROM。\",\"20\":\"崔云峰DMA。\"}',50,100,20,'2019-12-21 13:31:05'),(25,'161630202','{\"0\":\"C\",\"1\":\"C\",\"2\":\"C\",\"3\":\"C\",\"4\":\"B\",\"5\":\"A\",\"6\":\"C\",\"7\":\"A\",\"8\":\"A\",\"9\":\"A\",\"10\":\"ABC\",\"11\":\"BCD\",\"12\":\"ABC\",\"13\":\"BCD\",\"14\":\"1\",\"15\":\"1\",\"16\":\"1\",\"17\":\"1\",\"18\":\"1\",\"19\":\"孙笑川RAM/ROM。\",\"20\":\"孙笑川DMA。\"}',80,100,16,'2019-12-21 13:36:22'),(25,'161630203','{\"0\":\"D\",\"1\":\"D\",\"2\":\"D\",\"3\":\"D\",\"4\":\"A\",\"5\":\"A\",\"6\":\"C\",\"7\":\"B\",\"8\":\"A\",\"9\":\"B\",\"10\":\"ABC\",\"11\":\"ABC\",\"12\":\"ABC\",\"13\":\"ABC\",\"14\":\"0\",\"15\":\"1\",\"16\":\"0\",\"17\":\"1\",\"18\":\"1\",\"19\":\"蒲银RAM/ROM.\",\"20\":\"蒲银DMA.\"}',31,100,12,'2019-12-21 13:40:21'),(31,'161640404','{\"0\":\"A\",\"1\":\"A\",\"2\":\"A\",\"3\":\"A\",\"4\":\"A\",\"5\":\"A\",\"6\":\"A\",\"7\":\"A\",\"8\":\"A\",\"9\":\"A\",\"10\":\"ABC\",\"11\":\"ABC\",\"12\":\"ABC\",\"13\":\"BCD\",\"14\":\"1\",\"15\":\"1\",\"16\":\"1\",\"17\":\"1\",\"18\":\"1\",\"19\":\"高笑拥塞算法。\",\"20\":\"高笑TCP/UDP。\"}',75,100,13,'2019-12-27 20:40:46'),(32,'161650505','{\"0\":\"A\",\"1\":\"A\",\"2\":\"A\",\"3\":\"A\",\"4\":\"A\",\"5\":\"A\",\"6\":\"A\",\"7\":\"A\",\"8\":\"A\",\"9\":\"A\",\"10\":\"ABC\",\"11\":\"BCD\",\"12\":\"ABC\",\"13\":\"BCD\",\"14\":\"1\",\"15\":\"1\",\"16\":\"1\",\"17\":\"1\",\"18\":\"1\",\"19\":\"我是李哥哥。\",\"20\":\"我是李哥哥。\"}',50,100,-1,'2019-12-27 20:59:22'),(33,'161650505','{\"0\":\"C\",\"1\":\"C\",\"2\":\"A\",\"3\":\"A\",\"4\":\"A\",\"5\":\"A\",\"6\":\"A\",\"7\":\"A\",\"8\":\"A\",\"9\":\"A\",\"10\":\"ABC\",\"11\":\"BCD\",\"12\":\"ABC\",\"13\":\"BCD\",\"14\":\"1\",\"15\":\"1\",\"16\":\"1\",\"17\":\"1\",\"18\":\"1\",\"19\":\"1111我是李哥哥。\",\"20\":\"2222我是李哥哥。\"}',60,100,6,'2019-12-27 21:05:09');
/*!40000 ALTER TABLE `student_exam_log` ENABLE KEYS */;
UNLOCK TABLES;

--
-- Table structure for table `subjective_question`
--

DROP TABLE IF EXISTS `subjective_question`;
/*!40101 SET @saved_cs_client     = @@character_set_client */;
/*!40101 SET character_set_client = utf8 */;
CREATE TABLE `subjective_question` (
  `q_id` int(11) NOT NULL AUTO_INCREMENT,
  `q_description` varchar(512) NOT NULL,
  `q_answer` varchar(512) NOT NULL,
  `q_value` int(3) NOT NULL,
  `q_paperid` int(11) NOT NULL,
  `q_counter` int(11) DEFAULT '0',
  `q_difficulty` int(11) DEFAULT '1',
  `q_year` int(11) DEFAULT '1970',
  `q_type` varchar(255) DEFAULT NULL,
  PRIMARY KEY (`q_id`),
  KEY `q_paperid` (`q_paperid`)
) ENGINE=InnoDB AUTO_INCREMENT=36 DEFAULT CHARSET=utf8;
/*!40101 SET character_set_client = @saved_cs_client */;

--
-- Dumping data for table `subjective_question`
--

LOCK TABLES `subjective_question` WRITE;
/*!40000 ALTER TABLE `subjective_question` DISABLE KEYS */;
INSERT INTO `subjective_question` VALUES (6,'请简述拥塞控制算法的主要过程。','我是拥塞算法标准答案。',10,30,1,3,2015,'计算机网络'),(7,'请简述TCP和UDP协议的主要过程。','我是TCP/UDP的标准答案。',10,30,1,2,2015,'计算机网络'),(8,'与RAM相比ROM有何特点？','RAM-ROM标准答案。',10,32,3,3,2015,'计算机组成原理'),(9,'与程序中断控制方式相比DMA控制方式有何特点？','中断控制-DMA标准答案。',10,32,3,3,2015,'计算机组成原理'),(10,'请简述最短路径算法，并证明之。','最短路径算法答案。',10,34,3,2,2015,'数据结构'),(11,'请简述堆排序算法的主要思想。','堆排序算法答案',10,34,4,2,2015,'数据结构'),(12,'试述回溯法的基本思想及用回溯法解题的步骤。','回溯算法答案。',10,36,1,2,2015,'算法设计与分析'),(13,'简述归并排序算法和快速排序算法的分治方法。','归并与快排答案。',10,36,0,2,2015,'算法设计与分析'),(25,'软件测试的主要方法有哪些？','软件测试主要方法标准答案。',10,0,0,2,2015,'软件测试'),(26,'简述路径测试的主要过程。','路径测试标准答案。',10,0,0,2,2015,'软件测试'),(27,'简述单元测试的主要过程。','单元测试标准答案。',10,0,0,1,2015,'软件测试'),(28,'简述集成测试的主要过程。','集成测试标准答案。',10,0,0,3,2015,'软件测试'),(29,'简述系统测试的主要过程。','系统测试标准答案。',10,0,0,1,2015,'软件测试'),(30,'（批量测试）请简述计算机的启动步骤。','启动步骤标准答案。',10,37,1,3,2014,'test'),(31,'（批量测试）请简述Unix类系统中系统调用的几个过程。','系统调用标准答案。',10,37,1,3,2014,'test'),(34,'请简述CSMA/CD的主要过程。','我是CSMA/CD标准答案。',10,0,0,3,2015,'计算机网络'),(35,'请简述端口的主要作用。','我是端口的标准答案。',10,0,0,1,2015,'计算机网络');
/*!40000 ALTER TABLE `subjective_question` ENABLE KEYS */;
UNLOCK TABLES;

--
-- Table structure for table `teacher_student`
--

DROP TABLE IF EXISTS `teacher_student`;
/*!40101 SET @saved_cs_client     = @@character_set_client */;
/*!40101 SET character_set_client = utf8 */;
CREATE TABLE `teacher_student` (
  `teacher_id` varchar(16) NOT NULL,
  `student_id` varchar(16) NOT NULL,
  `paper_id` int(5) NOT NULL,
  KEY `teacher_id` (`teacher_id`),
  KEY `student_id` (`student_id`),
  KEY `paper_id` (`paper_id`),
  CONSTRAINT `teacher_student_ibfk_1` FOREIGN KEY (`teacher_id`) REFERENCES `user` (`user_id`),
  CONSTRAINT `teacher_student_ibfk_2` FOREIGN KEY (`student_id`) REFERENCES `user` (`user_id`),
  CONSTRAINT `teacher_student_ibfk_3` FOREIGN KEY (`paper_id`) REFERENCES `exam_paper` (`paper_id`)
) ENGINE=InnoDB DEFAULT CHARSET=utf8;
/*!40101 SET character_set_client = @saved_cs_client */;

--
-- Dumping data for table `teacher_student`
--

LOCK TABLES `teacher_student` WRITE;
/*!40000 ALTER TABLE `teacher_student` DISABLE KEYS */;
INSERT INTO `teacher_student` VALUES ('T1616001','161630230',17),('T1616001','161630230',18),('T1616001','161630230',19),('T1616001','161630229',17),('T1616001','161630231',17),('T1616001','161630231',18),('T1616001','161630201',24),('T1616001','161630202',24),('T1616001','161630203',24),('T1616001','161630204',24),('T1616001','161630205',24),('T1616001','161630206',24),('T1616001','161630229',24),('T1616001','161630230',24),('T1616001','161630231',24),('T1616001','161630301',24),('T1616001','161640404',24),('T1616001','161630201',25),('T1616001','161630202',25),('T1616001','161630203',25),('T1616001','161630204',25),('T1616001','161630205',25),('T1616001','161630206',25),('T1616001','161630229',25),('T1616001','161630230',25),('T1616001','161630231',25),('T1616001','161630301',25),('T1616001','161640404',25),('T1616001','161630201',26),('T1616001','161630202',26),('T1616001','161630203',26),('T1616001','161630204',26),('T1616001','161630205',26),('T1616001','161630206',26),('T1616001','161630229',26),('T1616001','161630230',26),('T1616001','161630231',26),('T1616001','161630301',26),('T1616001','161640404',26),('T1616002','161630201',30),('T1616002','161630202',30),('T1616002','161630203',30),('T1616002','161630204',30),('T1616002','161630205',30),('T1616002','161630206',30),('T1616002','161630229',30),('T1616002','161630230',30),('T1616002','161630231',30),('T1616003','161640404',31),('T1616002','161630201',32),('T1616002','161630202',32),('T1616002','161630203',32),('T1616002','161630204',32),('T1616002','161630205',32),('T1616002','161630206',32),('T1616002','161630229',32),('T1616002','161630230',32),('T1616002','161630231',32),('T1616002','161630301',32),('T1616002','161640404',32),('T1616003','161650505',33),('T1616001','161630201',36),('T1616001','161630202',36),('T1616001','161630203',36),('T1616001','161630204',36),('T1616001','161630205',36),('T1616001','161630206',36),('T1616001','161630229',36),('T1616001','161630230',36),('T1616001','161630231',36),('T1616001','161630301',36),('T1616001','161630303',36),('T1616001','161640404',36),('T1616001','161650505',36);
/*!40000 ALTER TABLE `teacher_student` ENABLE KEYS */;
UNLOCK TABLES;

--
-- Table structure for table `user`
--

DROP TABLE IF EXISTS `user`;
/*!40101 SET @saved_cs_client     = @@character_set_client */;
/*!40101 SET character_set_client = utf8 */;
CREATE TABLE `user` (
  `user_id` varchar(16) NOT NULL,
  `user_name` varchar(16) NOT NULL,
  `user_email` varchar(64) DEFAULT NULL,
  `user_password` varchar(32) NOT NULL,
  `user_create_time` datetime NOT NULL,
  `user_update_time` datetime NOT NULL,
  `user_type` varchar(8) NOT NULL,
  PRIMARY KEY (`user_id`)
) ENGINE=InnoDB DEFAULT CHARSET=utf8;
/*!40101 SET character_set_client = @saved_cs_client */;

--
-- Dumping data for table `user`
--

LOCK TABLES `user` WRITE;
/*!40000 ALTER TABLE `user` DISABLE KEYS */;
INSERT INTO `user` VALUES ('161630201','崔云峰','cui@yahoo.com','161630201','2019-11-30 21:14:27','2019-11-30 21:14:33','STUDENT'),('161630202','孙笑川','sun@dog.com','161630202','2019-11-30 21:16:34','2019-11-29 21:16:37','STUDENT'),('161630203','蒲银','py@sjtu.com','161630203','2019-11-28 21:15:34','2019-11-29 21:15:37','STUDENT'),('161630204','李赣','li@dog.com','161630204','2019-11-23 21:19:30','2019-11-29 21:19:33','STUDENT'),('161630205','泰隆','loong@qq.com','161630205','2019-11-04 21:20:18','2019-11-28 21:20:21','STUDENT'),('161630206','小呆呆','evil@man.com','161630206','2019-09-18 21:21:33','2019-11-28 21:21:36','STUDENT'),('161630229','王珊月','wang@qq.com','161630229','2019-11-09 19:36:16','2019-11-09 19:36:16','STUDENT'),('161630230','冼健邦','sin@qq.com','161630230','2019-11-09 19:24:00','2019-11-09 19:24:00','STUDENT'),('161630231','梁家娟','ljj@nuaa.com','161630231','2019-11-10 20:02:32','2019-11-10 20:02:32','STUDENT'),('161630301','大师兄','big@qq.com','161630301','2019-12-04 19:43:14','2019-12-07 19:43:19','STUDENT'),('161630303','黎明','lee@lee.com','161630303','2020-01-03 19:47:00','2020-01-03 19:47:00','STUDENT'),('161640404','高笑','gao@qq.com','161640404','2019-12-06 22:41:19','2019-12-06 22:41:19','STUDENT'),('161650505','李哥哥','lee@qq.com','161650505','2019-12-27 20:52:31','2019-12-27 20:52:34','STUDENT'),('Admin','管理员','admin@qq.com','Admin','2019-11-16 21:31:50','2019-11-16 21:31:50','ADMIN'),('T1616001','王力','jh@nuaa.com','T1616001','2019-11-10 20:41:51','2019-11-10 20:41:51','TEACHER'),('T1616002','张学友','zhang@qq.com','T1616002','2019-12-04 20:11:17','2019-12-04 20:11:17','TEACHER'),('T1616003','葛优','ge@qq.com','T1616003','2019-12-06 22:37:09','2019-12-06 22:37:09','TEACHER');
/*!40000 ALTER TABLE `user` ENABLE KEYS */;
UNLOCK TABLES;
/*!40103 SET TIME_ZONE=@OLD_TIME_ZONE */;

/*!40101 SET SQL_MODE=@OLD_SQL_MODE */;
/*!40014 SET FOREIGN_KEY_CHECKS=@OLD_FOREIGN_KEY_CHECKS */;
/*!40014 SET UNIQUE_CHECKS=@OLD_UNIQUE_CHECKS */;
/*!40101 SET CHARACTER_SET_CLIENT=@OLD_CHARACTER_SET_CLIENT */;
/*!40101 SET CHARACTER_SET_RESULTS=@OLD_CHARACTER_SET_RESULTS */;
/*!40101 SET COLLATION_CONNECTION=@OLD_COLLATION_CONNECTION */;
/*!40111 SET SQL_NOTES=@OLD_SQL_NOTES */;

-- Dump completed on 2020-01-10 20:45:45
